"scene_name","start_image","end_image","prompt","gpt_prompt","color"
"01_雨夜远景","","","镜头推近 雨丝斜飞 霓虹倒映","夜间俯视广角镜头,纯环境空镜,画面中无任何人物,无招牌文字,中国都市老旧街区,狭窄街巷纵横,低矮老楼+少量中层建筑(非高耸摩天大楼),墙面霓虹灯带光晕(只画光晕不写字),冷雨倾盆,湿滑地面反射紫青色倒影,远处楼宇模糊于雨幕中,电影感低饱和冷色调,主色深蓝紫+粉紫霓虹+青色霓虹点缀,雨丝清晰可见斜飞,氛围压抑悬疑,横屏 16:9。摄影风格:cinematic photorealistic still,shot on 35mm film,long exposure,film grain,rain mist,real street ambience;真实感锚:像一位摄影师在街角架机位实拍,不是 CG 渲染,不要过饱和。首帧:镜头距街区较远,雨丝细密;尾帧:相机沿前后轴明显推进,焦段 24→35mm,构图更紧,雨势从细密变密集成线,霓虹光晕显著扩散,地面水洼涟漪密度翻倍,远处楼宇更糊化。 【⚠️ 空镜硬性要求】画面中绝对不得出现任何人物、剪影、背影、手或人影,只拍环境/建筑/天气/物品。【⚠️ 首尾帧差异硬要求】首尾帧放一起对比必须一眼看出不同,相机运动(写死方向/距离/角度)、天气光线变化、动态元素位移,三轴至少命中两轴,禁止使用任何模糊词如「略」「稍微」「基本」,所有变化必须明确量化。","rainy_night"
"02_标题浮现","","","雨滴砸玻璃 字卡缓缓浮出","极近景镜头,纯环境空镜,画面中无任何人物,雨水猛砸在一块倾斜玻璃上,水珠沿着玻璃下滑变形,背景是虚化的中国都市夜景霓虹光晕(只有光斑不出现招牌字),画面中央留白预留标题位,电影海报极简构图,冷色调为主,深蓝紫底色点缀粉紫与青色霓虹光晕,质感厚重压迫,横屏构图。摄影风格:cinematic photorealistic still,shot on 35mm film,long exposure,film grain,rain mist,real street ambience;真实感锚:像一位摄影师在街角架机位实拍,不是 CG 渲染,不要过饱和。首帧:一大颗水珠悬停在玻璃中央未落下;尾帧:相机沿玻璃表面微俯冲靠近约 10cm,焦点拉到水珠裂开的瞬间,水珠已砸开溅成水花,周围多出 5-6 颗卫星小水珠向四周飞散,背景霓虹光斑轻微散焦。 【⚠️ 空镜硬性要求】画面中绝对不得出现任何人物、剪影、背影、手或人影,只拍环境/建筑/天气/物品。【⚠️ 首尾帧差异硬要求】首尾帧放一起对比必须一眼看出不同,相机运动(写死方向/距离/角度)、天气光线变化、动态元素位移,三轴至少命中两轴,禁止使用任何模糊词如「略」「稍微」「基本」,所有变化必须明确量化。","rainy_night"
"03_巷内负伤","","","俯视近景 男子靠墙 伤痕渗出","俯视近景镜头,一条狭窄后巷堆满垃圾袋,林渊(30岁亚洲硬汉,身高180,肌肉精悍,黑色短发,眉骨深,眼神凌厉,黑色T恤被雨水浸透,右肩和腹部可见暗色伤痕不血腥)靠着斑驳砖墙席地而坐,右手握一把市井款砍刀垂在身侧,左手按压肩膀,表情疲惫但眼神锐利,地面湿滑反光,远处巷口透出紫青色霓虹光,电影级打光,写实风格,冷色调,横屏 16:9。摄影风格:photorealistic close-up,50mm lens,shallow depth of field,subtle film grain,dim neon rim light;真实感锚:可见毛孔、皮肤瑕疵、雨珠质感,不要假皮肤,不要过度锐化。首帧:林渊低头闭眼休息;尾帧:相机低角度微俯冲约 30cm,林渊头部由低垂缓慢抬起至 30° 角,眼神由疲惫转为锐利,右手握紧刀柄指节泛白,雨水从发梢滴落。【⚠️ 首尾帧差异硬要求】首尾帧放一起必须肉眼可见差异,相机运动(推/拉/摇/俯仰,写死角度或距离)与人物动作表情变化至少命中一项,首尾图是动作的两个端点而不是同一瞬间的双胞胎。","rainy_night"
"04_黑卡特写","","","手部特写 黑卡塞入桶底","极近景微距镜头,林渊的手(指节粗壮有淡疤)靠近一个生锈垃圾桶底部的缝隙,手中捏着一张拇指大小纯黑色磁条卡(卡带金色边框,右上角压凹金色字母),卡片表面反射微弱紫光,其余画面虚化,雨水湿润质感,冷色调,电影感,横屏构图。摄影风格:photorealistic close-up,50mm lens,shallow depth of field,subtle film grain,dim neon rim light;真实感锚:可见毛孔、皮肤瑕疵、雨珠质感,不要假皮肤,不要过度锐化。首帧:手捏着黑卡悬在缝隙前方尚未塞入;尾帧:相机微拉开显露更多缝隙环境,景深变浅,手指已将黑卡塞入缝隙深处,只露出卡片边缘约 5mm,手正以明确轨迹缓慢抽回,背景湿润砖墙的水珠有肉眼可见的下滑。【⚠️ 首尾帧差异硬要求】首尾帧放一起必须肉眼可见差异,相机运动(推/拉/摇/俯仰,写死角度或距离)与人物动作表情变化至少命中一项,首尾图是动作的两个端点而不是同一瞬间的双胞胎。","rainy_night"
"05_走出巷口","","","跟镜 男子握刀 缓步向前","跟拍镜头从人物身后跟随,林渊(30岁硬汉,身高180,肌肉精悍,黑色短发,黑色T恤被血雨浸透)从阴暗巷道走向明亮巷口,右手反握砍刀垂在身侧,左肩湿透,身后是堆积垃圾与湿漉地面,巷口透出街道紫青色霓虹,构图阴阳对比强烈,人物呈深色剪影,远景光源为紫青色霓虹,电影感,中国都市背景,冷色调,横屏 16:9。摄影风格:photorealistic candid action shot,shot on 35mm film,motion blur,subtle grain,natural rain-soaked atmosphere;真实感锚:真实皮肤纹理、湿发贴额、汗水/雨水自然流淌,不修图不美化,不要 HDR 光晕。首帧:林渊在巷子深处,距巷口还有几米,身形偏暗;尾帧:相机水平右摇约 15° 跟随林渊步伐,林渊向前走出两步更接近巷口,身形被霓虹光勾出更亮的轮廓,前景雨丝密度加大,巷口光斑更明亮。【⚠️ 首尾帧差异硬要求】首尾帧放一起必须肉眼可见差异,相机运动(推/拉/摇/俯仰,写死角度或距离)与人物动作表情变化至少命中一项,首尾图是动作的两个端点而不是同一瞬间的双胞胎。","rainy_night"
"06_七人现身","","","对视中景 七道人影 雨幕走出","中景平视镜头,雨幕中七个男人从街角走出并列排开,前排两人:左边是眼镜反派(28岁,戴无框眼镜,白衬衫+黑色风衣,镜片反光,右手持黑色自动手枪),右边是刀疤青年(190高,脸颊右侧蜈蚣状长疤,黑色皮衣,短寸头),后排五个红头发小混混各握砍刀,所有人站湿滑街面,背后模糊中国都市霓虹招牌光晕(不写字),冷色调,雨滴清晰,横屏构图。摄影风格:cinematic photorealistic still,shot on 35mm film,long exposure,film grain,rain mist,real street ambience;真实感锚:像一位摄影师在街角架机位实拍,不是 CG 渲染,不要过饱和。首帧:七人刚从街角阴影走出,身形尚在半明半暗;尾帧:相机沿轴向推进约画宽 10%,七人向前走半步整体走入霓虹光下,眼镜反派嘴角已扬起冷笑,镜片反光多出一道,背景雨幕更密。【⚠️ 首尾帧差异硬要求】首尾帧放一起必须肉眼可见差异,相机运动(推/拉/摇/俯仰,写死角度或距离)与人物动作表情变化至少命中一项,首尾图是动作的两个端点而不是同一瞬间的双胞胎。","rainy_night"
"07_举枪书生","","","手枪特写 镜片水珠 嘴角冷笑","低角度仰视近景特写,眼镜反派半边脸加持枪手臂,28岁,无框眼镜镜片挂雨珠并反光遮住眼睛,只露出扬起的嘴角,右手稳举一把黑色自动手枪指向画面外,背后是雨幕与模糊街灯光晕(中国都市霓虹不写字),紫青色霓虹从侧面打光,冷色调,电影感,横屏。摄影风格:photorealistic close-up,50mm lens,shallow depth of field,subtle film grain,dim neon rim light;真实感锚:可见毛孔、皮肤瑕疵、雨珠质感,不要假皮肤,不要过度锐化。首帧:嘴角刚开始扬起,枪口略低;尾帧:相机略微下压变仰角,嘴角完全扬起形成嘲讽冷笑,枪口从略低抬平瞄准镜头外,镜片多一道明显光反射,背景雨势加大。【⚠️ 首尾帧差异硬要求】首尾帧放一起必须肉眼可见差异,相机运动(推/拉/摇/俯仰,写死角度或距离)与人物动作表情变化至少命中一项,首尾图是动作的两个端点而不是同一瞬间的双胞胎。","rainy_night"
"08_刀疤打手","","","侧脸特写 刀疤泛光 冷笑漠然","侧拍近景特写,刀疤青年侧脸,28岁,身高190,黑色皮夹克,短寸头发,脸颊右侧一条约10厘米深色蜈蚣状长疤,嘴角微扬冷笑,眼神漠然无情,雨水顺着脸颊和下颌线滑落,背景是模糊的巷口紫色霓虹光晕(中国都市不写字),低光高对比电影感,冷色调,横屏 16:9。摄影风格:photorealistic close-up,50mm lens,shallow depth of field,subtle film grain,dim neon rim light;真实感锚:可见毛孔、皮肤瑕疵、雨珠质感,不要假皮肤,不要过度锐化。首帧:嘴角平直,表情漠然;尾帧:相机微推近脸部特写,嘴角由平直扬起冷笑,脖颈肌肉拉紧,一道新的雨水从眉骨滑下至下颌,刀疤在霓虹光下更清晰。【⚠️ 首尾帧差异硬要求】首尾帧放一起必须肉眼可见差异,相机运动(推/拉/摇/俯仰,写死角度或距离)与人物动作表情变化至少命中一项,首尾图是动作的两个端点而不是同一瞬间的双胞胎。","rainy_night"
"09_男子怒目","","","对切中景 男子持刀 目光冰冷","中景对切镜头,林渊(30岁硬汉,身高180,肌肉精悍,黑色短发,眉骨深,黑T恤湿透)站立于雨中,右手握砍刀垂于身侧,左手微握成拳,眼神锐利冰冷充满杀意,嘴角抿紧,背后是狭窄巷道尽头的湿滑墙面,紫青色霓虹从左侧投射长阴影,冷色调电影质感,中国都市背景,横屏。摄影风格:photorealistic close-up,50mm lens,shallow depth of field,subtle film grain,dim neon rim light;真实感锚:可见毛孔、皮肤瑕疵、雨珠质感,不要假皮肤,不要过度锐化。首帧:林渊眼神冷峻但平静;尾帧:相机微推近并略微下压,林渊眼神杀意更浓,左手握拳收紧,右手刀尖明显上抬约 10cm,嘴唇抿成直线,雨水从发梢滴落。【⚠️ 首尾帧差异硬要求】首尾帧放一起必须肉眼可见差异,相机运动(推/拉/摇/俯仰,写死角度或距离)与人物动作表情变化至少命中一项,首尾图是动作的两个端点而不是同一瞬间的双胞胎。","rainy_night"
"10_突然前冲","","","低角度追镜 爆发冲刺","低角度动态追镜,林渊(30岁硬汉,肌肉精悍,黑T恤,握砍刀)从静止爆发冲向前方,右手握刀抬起,衣角飞扬,地面水花四溅,身后雨幕形成速度线模糊,镜头向前压缩透视,电影级动作戏构图,紫青色霓虹底光,中国都市背景,冷色调,横屏 16:9。摄影风格:photorealistic candid action shot,shot on 35mm film,motion blur,subtle grain,natural rain-soaked atmosphere;真实感锚:真实皮肤纹理、湿发贴额、汗水/雨水自然流淌,不修图不美化,不要 HDR 光晕。首帧:林渊刚迈出第一步,身体微前倾,右脚刚离地;尾帧:相机沿轴向后拉约 1 米让冲刺范围完整入画,林渊已冲出两米距离,身体前倾幅度更大,脚下激起大片水花,动态模糊速度线更强,背景灯光拖出光带。【⚠️ 首尾帧差异硬要求】首尾帧放一起必须肉眼可见差异,相机运动(推/拉/摇/俯仰,写死角度或距离)与人物动作表情变化至少命中一项,首尾图是动作的两个端点而不是同一瞬间的双胞胎。","rainy_night"
"11_一刀断枪","","","刀光特写 寒光闪过 金属断裂","极近景高速快门特写,一道雪白刀光即将水平划过画面中心,一只握黑色手枪的手臂被定格成光影剪影(避免血腥只用光效表现),金属寒光飞溅,背景是雨幕与紫青色霓虹散光模糊,画面充满金属反光与雨滴,低饱和冷色调,电影感,横屏构图。摄影风格:photorealistic candid action shot,shot on 35mm film,motion blur,subtle grain,natural rain-soaked atmosphere;真实感锚:真实皮肤纹理、湿发贴额、汗水/雨水自然流淌,不修图不美化,不要 HDR 光晕。首帧:刀光刚接触枪身,火花初起;尾帧:相机沿刀锋轨迹轻快横摇,刀光已掠过,手枪断成两截在半空飞散开约 30cm,更多金属寒光与火花飞溅,背景雨丝因高速快门更清晰。【⚠️ 首尾帧差异硬要求】首尾帧放一起对比必须一眼看出不同,相机运动(写死方向/距离/角度)、天气光线变化、动态元素位移,三轴至少命中两轴,禁止使用任何模糊词如「略」「稍微」「基本」,所有变化必须明确量化。","rainy_night"
"12_群起围攻","","","俯视中景 数人围攻 刀光交错","俯视中景镜头,林渊(黑T恤,握刀)被四五个红发小混混围成圆形包抄,几把砍刀从不同角度挥来,林渊身体侧转挥刀招架,动作模糊带速度线,雨水在地面飞溅,所有人湿透,紫青色霓虹从高处打下,剪影感强烈,画面紧张压迫但无血腥特写,中国都市背景,冷色调,横屏 16:9。摄影风格:photorealistic candid action shot,shot on 35mm film,motion blur,subtle grain,natural rain-soaked atmosphere;真实感锚:真实皮肤纹理、湿发贴额、汗水/雨水自然流淌,不修图不美化,不要 HDR 光晕。首帧:围攻者刚举起武器,林渊刚开始侧转;尾帧:相机围绕林渊做 30° 弧形摇移,围攻者武器挥到更近位置,林渊侧转幅度更大一个身位,刀光交错更密集,衣摆与头发扬起。【⚠️ 首尾帧差异硬要求】首尾帧放一起必须肉眼可见差异,相机运动(推/拉/摇/俯仰,写死角度或距离)与人物动作表情变化至少命中一项,首尾图是动作的两个端点而不是同一瞬间的双胞胎。","rainy_night"
"13_仰倒凝望","","","仰角慢镜 身躯倒地 雨落面颊","仰角慢镜头,林渊(30岁硬汉脸,黑色短发)仰面倒在湿漉巷子地面,眼睛半睁望向夜空,雨滴从上方落下击打在脸颊和睫毛上,嘴角有一丝不甘,瞳孔微散,背景是模糊紫青色霓虹光晕与深黑雨夜天空,画面静默悲壮,无血迹特写只有湿漉感与冷光,电影长镜头感,横屏构图。摄影风格:photorealistic close-up,50mm lens,shallow depth of field,subtle film grain,dim neon rim light;真实感锚:可见毛孔、皮肤瑕疵、雨珠质感,不要假皮肤,不要过度锐化。首帧:林渊眼睛半睁还有一丝光彩,嘴角微抿;尾帧:相机从正俯视角微降至 45° 斜俯,林渊眼神逐渐涣散失焦,嘴角放松,眼睑缓慢下垂,雨滴更密,地面积水涟漪从身边向外扩散。【⚠️ 首尾帧差异硬要求】首尾帧放一起必须肉眼可见差异,相机运动(推/拉/摇/俯仰,写死角度或距离)与人物动作表情变化至少命中一项,首尾图是动作的两个端点而不是同一瞬间的双胞胎。","rainy_night"
"14_夜转晨","","","延时镜头 云层流动 色温转金","延时摄影长镜头,纯环境空镜画面中无人物无建筑,镜头固定仰视天空,厚云层快速流动,画面色温从深夜蓝紫色过渡到黎明金橙色,星光消失,第一缕阳光从云缝洒出,氛围从压抑转为希望,电影感转场,横屏构图。摄影风格:cinematic twilight photograph,shot on 35mm film,natural magic-hour light,subtle film grain;真实感锚:像纪录片质感,不要过度锐化,不要 HDR。首帧:画面整体深蓝紫色调,少量星光,云层偏厚;尾帧:相机做明显仰角升镜,画面从深蓝紫过渡到金橙色调,云层被晨光染亮,第一道光线从云缝明显刺出,星光消失,云层位置向右移动约画宽 20%。 【⚠️ 空镜硬性要求】画面中绝对不得出现任何人物、剪影、背影、手或人影,只拍环境/建筑/天气/物品。【⚠️ 首尾帧差异硬要求】首尾帧放一起对比必须一眼看出不同,相机运动(写死方向/距离/角度)、天气光线变化、动态元素位移,三轴至少命中两轴,禁止使用任何模糊词如「略」「稍微」「基本」,所有变化必须明确量化。","transition"
"15_晨光初现","","","平移远景 薄雾散去 晨光斜射","平移远景镜头,纯环境空镜画面中无人物,一条宽阔江面飘薄雾,晨光从右侧斜射而来,水面反射金色细波,远处中国城市天际线呈柔和剪影,氛围宁静舒缓,5000K暖色调,米白+原木色+淡金色,低饱和,水彩画般柔和,横屏 16:9。摄影风格:cinematic twilight photograph,shot on 35mm film,natural magic-hour light,subtle film grain;真实感锚:像纪录片质感,不要过度锐化,不要 HDR。首帧:江面薄雾较浓,晨光初现偏柔;尾帧:相机水平左摇约 10°,薄雾明显散开,晨光由柔和变锐利,水面金波从零星变成连片跳动,远处船只轮廓从模糊变清晰。 【⚠️ 空镜硬性要求】画面中绝对不得出现任何人物、剪影、背影、手或人影,只拍环境/建筑/天气/物品。【⚠️ 首尾帧差异硬要求】首尾帧放一起对比必须一眼看出不同,相机运动(写死方向/距离/角度)、天气光线变化、动态元素位移,三轴至少命中两轴,禁止使用任何模糊词如「略」「稍微」「基本」,所有变化必须明确量化。","transition"
"16_惊醒坐起","","","俯拍近景 青年睁眼 冷汗浸额","俯拍近景镜头,林默(瘦削亚洲男大学生,20岁,一米七五50公斤,戴黑色掉漆眼镜框,乱糟糟黑发,穿白色背心)从窄小单人床上坐起,额头渗汗,床上床下堆满厚书,墙纸斑驳米白色,窗户在画面右侧,45度晨光斜射在床单画出长方形光斑,5000K温暖基调,中国城中村出租屋环境,横屏构图。摄影风格:candid indoor photograph,natural window light,35mm film feel,warm ambient shadow;真实感锚:真实皮肤纹理、自然毛发、房间杂物可见,不美化不修图。首帧:林默刚睁眼表情惊恐,额头细汗;尾帧:相机沿轴向推进约 30cm 靠近床头,林默完全坐起身子,眼神从惊恐转为锐利(灵魂交换瞬间),嘴角微抿,被子从肩头滑落,窗外晨光加强。【⚠️ 首尾帧差异硬要求】首尾帧放一起必须肉眼可见差异,相机运动(推/拉/摇/俯仰,写死角度或距离)与人物动作表情变化至少命中一项,首尾图是动作的两个端点而不是同一瞬间的双胞胎。","dawn"
"17_对镜凝视","","","镜像中景 陌生脸孔 眼神转冷","中景镜子对切镜头,挂在斑驳米白色墙上一面无边框长方形镜子,映出林默上半身(戴黑框眼镜,瘦削白背心),画面一半现实一半镜像,晨光从右侧窗户斜射进来,空间压抑但色调温暖,5000K,中国城中村出租屋环境,横屏 16:9。摄影风格:candid indoor photograph,natural window light,35mm film feel,warm ambient shadow;真实感锚:真实皮肤纹理、自然毛发、房间杂物可见,不美化不修图。首帧:林默左手扶镜框右手刚触碰脸颊,表情困惑;尾帧:相机从林默侧后方缓慢环绕 15° 到半侧面,林默的手仍停在脸上,表情从困惑转为了然,眼神显露沉冷锐利,镜中与镜外形成明显角度差。【⚠️ 首尾帧差异硬要求】首尾帧放一起必须肉眼可见差异,相机运动(推/拉/摇/俯仰,写死角度或距离)与人物动作表情变化至少命中一项,首尾图是动作的两个端点而不是同一瞬间的双胞胎。","dawn"
"18_一拳入墙","","","侧拍近景 拳头击墙 留凹陷","侧拍近景镜头,林默瘦削右臂挥出一记直拳击打米白色斑驳墙面,金色晨光从侧面打来温暖但戏剧感强,5000K,中国城中村出租屋环境,横屏构图。摄影风格:candid indoor photograph,natural window light,35mm film feel,warm ambient shadow;真实感锚:真实皮肤纹理、自然毛发、房间杂物可见,不美化不修图。首帧:拳头刚触碰墙面,墙面尚未凹陷,手臂紧绷;尾帧:相机从墙面右侧明显横摇到左侧,拳头已嵌入墙面约半寸深,碎屑灰尘飘散在空中形成可见粉尘云,林默表情略惊讶,手臂肌肉仍紧绷。【⚠️ 首尾帧差异硬要求】首尾帧放一起必须肉眼可见差异,相机运动(推/拉/摇/俯仰,写死角度或距离)与人物动作表情变化至少命中一项,首尾图是动作的两个端点而不是同一瞬间的双胞胎。","dawn"
"19_翻找枕下","","","手部特写 翻开枕头 摸出物品","俯视手部特写镜头,林默的两只瘦削年轻的手正在翻动一个发黄旧枕头,床单是廉价格子棉布,光线从画面右上角45度斜射进来,暖色调5000K,复古怀旧质感,中国城中村出租屋环境,横屏 16:9。摄影风格:candid indoor photograph,natural window light,35mm film feel,warm ambient shadow;真实感锚:真实皮肤纹理、自然毛发、房间杂物可见,不美化不修图。首帧:手正要掀起枕头,枕头还没完全抬起;尾帧:相机微俯冲靠近床铺,枕头已被完全掀开并滑落床边一半,露出枕下的老式功能机、廉价黑色皮包、蓝色学生证,光线从窗外斜照进来。【⚠️ 首尾帧差异硬要求】首尾帧放一起必须肉眼可见差异,相机运动(推/拉/摇/俯仰,写死角度或距离)与人物动作表情变化至少命中一项,首尾图是动作的两个端点而不是同一瞬间的双胞胎。","dawn"
"20_学生证","","","极近景 证件信息 清晰显现","极近景特写镜头,纯道具特写,一张中国大学生学生证正面,蓝色硬壳,上面贴着林默的证件照(戴眼镜瘦削内向青年),信息栏文字清晰：高南大学 计算机系 二年级13班 林默,右下角盖学校红色印章,学生证被一只手拇指食指捏住边角,背景虚化为暖色调室内,晨光温柔,5000K,横屏构图。摄影风格:candid indoor photograph,natural window light,35mm film feel,warm ambient shadow;真实感锚:真实皮肤纹理、自然毛发、房间杂物可见,不美化不修图。首帧:证件略倾斜,照片面部分被阴影覆盖;尾帧:相机做明显变焦,焦点从证件边缘推到人脸照片,证件被翻正角度,照片和文字完全清晰可读,背景桌面完全虚化。【⚠️ 首尾帧差异硬要求】首尾帧放一起必须肉眼可见差异,相机运动(推/拉/摇/俯仰,写死角度或距离)与人物动作表情变化至少命中一项,首尾图是动作的两个端点而不是同一瞬间的双胞胎。","dawn"
"21_手机震动","","","屏幕特写 来电妈妈 震动模糊","极近景特写镜头,一部老旧掉漆的诺基亚风格功能机(非智能机),小尺寸黑白屏幕上显示来电字样：妈妈,手机在床单上,背景虚化晨光米白色床单,暖色调5000K,复古怀旧感,机身边缘有明显磨损掉漆,横屏 16:9。摄影风格:candid indoor photograph,natural window light,35mm film feel,warm ambient shadow;真实感锚:真实皮肤纹理、自然毛发、房间杂物可见,不美化不修图。首帧:手机安静躺在床单上屏幕暗;尾帧:相机微推近手机屏幕特写,手机屏幕从暗变亮,显示'妈妈'来电字样,机身带明显震动模糊,床单因震动出现细微褶皱,背景轻微失焦。【⚠️ 首尾帧差异硬要求】首尾帧放一起必须肉眼可见差异,相机运动(推/拉/摇/俯仰,写死角度或距离)与人物动作表情变化至少命中一项,首尾图是动作的两个端点而不是同一瞬间的双胞胎。","dawn"
"22_握机沉默","","","侧坐中景 低头握机 晨光斜照","中景侧拍镜头,林默坐在窄小床边,身体微微前倾,晨光从画面右侧窗户斜射过来照亮他半边脸庞与手背,房间狭小堆满书籍,暖色基调5000K,氛围静谧温情,中国城中村出租屋,电影感,横屏构图。摄影风格:candid indoor photograph,natural window light,35mm film feel,warm ambient shadow;真实感锚:真实皮肤纹理、自然毛发、房间杂物可见,不美化不修图。首帧:林默刚把手机举到耳边,表情还有陌生感;尾帧:相机缓慢环绕林默脸部 10°,林默低头将手机贴紧耳边,表情从陌生转为触动,眼眶略红,窗外光线从侧面打亮半张脸。【⚠️ 首尾帧差异硬要求】首尾帧放一起必须肉眼可见差异,相机运动(推/拉/摇/俯仰,写死角度或距离)与人物动作表情变化至少命中一项,首尾图是动作的两个端点而不是同一瞬间的双胞胎。","dawn"
"23_出门推门","","","中景跟镜 青年推门 城中村光线","中景跟拍镜头,林默换了件白衬衫戴眼镜,正在推开一扇掉漆铁门走出一幢老旧中国城中村出租屋,背后昏暗楼道,前方明亮白日街巷,电线杂乱,墙面贴满模糊广告(不写字),中午阳光从头顶直射,中性色温6500K,写实纪录片风格,横屏 16:9。摄影风格:documentary-style photograph,natural daylight,slight motion,candid framing,realistic color science;真实感锚:像手机随拍抓到的生活片段,不要棚拍感,不要过饱和。首帧:林默刚用手推门,门开一半;尾帧:相机跟随林默出门做推镜,门从半开被完全推开,林默跨出半步进入明亮街巷,阳光打在他身上,从室内暗调切换到户外亮调。【⚠️ 首尾帧差异硬要求】首尾帧放一起必须肉眼可见差异,相机运动(推/拉/摇/俯仰,写死角度或距离)与人物动作表情变化至少命中一项,首尾图是动作的两个端点而不是同一瞬间的双胞胎。","daylight"
"24_白昼巷尾","","","广角俯视 巷道狼藉 白日环境","广角俯视镜头,纯环境空镜画面中无人物,一条狭窄中国城中村后巷在白天阳光下显露全貌,地面堆满垃圾袋和废弃纸箱,墙面爬满电线和模糊广告(不写字),远处有一个生锈垃圾桶,地面还有隐约水渍痕迹,中性色温6500K,中等饱和度,写实纪录片质感,横屏构图。摄影风格:documentary-style photograph,natural daylight,slight motion,candid framing,realistic color science;真实感锚:像手机随拍抓到的生活片段,不要棚拍感,不要过饱和。首帧:整条巷道空无一人,阳光略斜;尾帧:相机缓慢水平右摇约 15°,云影明显从左向右移动穿过巷道,阳光角度变化导致地面光影明显位移,垃圾桶旁一张废纸被微风吹动翻卷。 【⚠️ 空镜硬性要求】画面中绝对不得出现任何人物、剪影、背影、手或人影,只拍环境/建筑/天气/物品。【⚠️ 首尾帧差异硬要求】首尾帧放一起对比必须一眼看出不同,相机运动(写死方向/距离/角度)、天气光线变化、动态元素位移,三轴至少命中两轴,禁止使用任何模糊词如「略」「稍微」「基本」,所有变化必须明确量化。","daylight"
"25_取回黑卡","","","手部特写 卡片取出 贴身收起","极近景微距特写镜头,林默的手(瘦削但骨节分明)伸向一个生锈垃圾桶底部的缝隙,画面背景虚化为巷道质感,光线为顶部投射的白日光,中性色温6500K,明亮通透,中国城中村环境,横屏 16:9。摄影风格:documentary-style photograph,natural daylight,slight motion,candid framing,realistic color science;真实感锚:像手机随拍抓到的生活片段,不要棚拍感,不要过饱和。首帧:手指刚伸入缝隙即将触碰到黑卡;尾帧:相机明显推近到手指特写,焦点从缝隙拉到黑卡表面,手指已捏住黑卡(带金色边框)抽出大半,卡片表面有一道从左到右的反光掠过。【⚠️ 首尾帧差异硬要求】首尾帧放一起必须肉眼可见差异,相机运动(推/拉/摇/俯仰,写死角度或距离)与人物动作表情变化至少命中一项,首尾图是动作的两个端点而不是同一瞬间的双胞胎。","daylight"
"26_银行取款","","","柜台近景 现金入袋 嘴角微扬","近景平视构图,林默(戴眼镜白衬衫)站在现代化中国银行柜台前,一个年轻貌美女柜员(25岁,职业装)正在递出一叠厚厚红色百元人民币(约五万元,橡皮筋捆好),柜台玻璃+金属质感,背景模糊银行大厅,中性色温6500K,明亮通透,横屏构图。摄影风格:documentary-style photograph,natural daylight,slight motion,candid framing,realistic color science;真实感锚:像手机随拍抓到的生活片段,不要棚拍感,不要过饱和。首帧:柜员手刚递出钞票,林默手还在柜台边缘;尾帧:相机从柜台左侧摇到右侧跟随钞票,林默伸手接过钞票完成交接,嘴角一丝不易察觉的微笑,柜员手已回落,玻璃窗外人影走过。【⚠️ 首尾帧差异硬要求】首尾帧放一起必须肉眼可见差异,相机运动(推/拉/摇/俯仰,写死角度或距离)与人物动作表情变化至少命中一项,首尾图是动作的两个端点而不是同一瞬间的双胞胎。","daylight"
"27_网吧键入","","","屏幕特写 聊天窗口 手指敲键","极近景特写镜头,一台昏暗中国网吧老式台式机屏幕,QQ聊天窗口显示对话记录：老板好久没见你上线了/有事/我们能见个面吗/不能,林默的手指在发黄机械键盘上敲击,屏幕蓝光反射在手背,背景虚化为网吧深色包围感,暖灯3200K局部光源冷色屏幕与暖色室内戏剧反差,横屏 16:9。摄影风格:candid indoor photograph,natural window light,35mm film feel,warm ambient shadow;真实感锚:真实皮肤纹理、自然毛发、房间杂物可见,不美化不修图。首帧:聊天窗口显示到'我们能见个面吗',手指悬停键盘上方;尾帧:相机微推近键盘和屏幕,聊天记录明显新增一行'不能',手指刚敲完回车按键正在回收,屏幕光在林默脸上明暗变化。【⚠️ 首尾帧差异硬要求】首尾帧放一起必须肉眼可见差异,相机运动(推/拉/摇/俯仰,写死角度或距离)与人物动作表情变化至少命中一项,首尾图是动作的两个端点而不是同一瞬间的双胞胎。","night_indoor"
"28_中天大厦","","","仰角广角 高楼耸立 玻璃反光","仰角极广角镜头,纯环境空镜画面中无人物,一幢55层现代中国商业摩天大楼(虚构名中天大厦)直插蓝天,玻璃幕墙反射白日阳光,楼身线条硬朗冷峻,天空少量白云,构图从底部仰视呈强烈透视,写实建筑摄影风格,中性色温6500K偏冷,横屏构图。摄影风格:documentary-style photograph,natural daylight,slight motion,candid framing,realistic color science;真实感锚:像手机随拍抓到的生活片段,不要棚拍感,不要过饱和。首帧:一小片白云靠近楼顶左侧;尾帧:相机做明显仰角上摇,白云从楼顶左侧明显移动到楼顶中央偏右,玻璃幕墙反光区域随之上移,阳光强度变化导致幕墙亮部增大。 【⚠️ 空镜硬性要求】画面中绝对不得出现任何人物、剪影、背影、手或人影,只拍环境/建筑/天气/物品。【⚠️ 首尾帧差异硬要求】首尾帧放一起对比必须一眼看出不同,相机运动(写死方向/距离/角度)、天气光线变化、动态元素位移,三轴至少命中两轴,禁止使用任何模糊词如「略」「稍微」「基本」,所有变化必须明确量化。","daylight"
"29_苏郁侧影","","","侧逆光中景 女子握机 窗前黄昏","侧逆光中景镜头,苏郁(28岁职业女性,齐肩短发,黑色西装套裙,身材高挑)站在55楼落地窗前,背对镜头只露出侧脸轮廓与身形(保持神秘不给正脸),窗外黄昏中国城市天际线橙金色+紫红色晚霞,长斜阳把她影子投在地毯上,办公室纯黑+玻璃质感极简奢华风,黄昏色温3000K,横屏 16:9。摄影风格:cinematic twilight photograph,shot on 35mm film,natural magic-hour light,subtle film grain;真实感锚:像纪录片质感,不要过度锐化,不要 HDR。首帧:苏郁手刚拿起商务手机尚未贴耳;尾帧:相机从苏郁身后轻微推镜,苏郁手机已贴在耳边,身体微微前倾,表情从期待转为微震动,落日光线从侧窗打亮半边脸颊轮廓。【⚠️ 首尾帧差异硬要求】首尾帧放一起必须肉眼可见差异,相机运动(推/拉/摇/俯仰,写死角度或距离)与人物动作表情变化至少命中一项,首尾图是动作的两个端点而不是同一瞬间的双胞胎。","sunset"
"30_镜中誓言","","","镜像对切 青年眼神 远楼亮灯","镜像对切中景镜头,林默站在中国城中村出租屋那面无边框长方形镜子前,镜子外窗户可见远处中国城市黄昏,一幢摩天大楼已亮起金色灯光,橙金+紫红色暮色染红半边画面,氛围既是结束也是开始,电影感强烈构图,黄昏色温3000K,横屏 16:9。摄影风格:cinematic twilight photograph,shot on 35mm film,natural magic-hour light,subtle film grain;真实感锚:像纪录片质感,不要过度锐化,不要 HDR。首帧:林默表情平静,握拳于身侧,镜中眼神尚温和;尾帧:相机微推进并缓慢下压约 5°,林默嘴角微抿,握拳明显收紧,镜中眼神变得锐利冰冷,远处楼的灯光从零星亮起变成连片,窗外天色更暗。【⚠️ 首尾帧差异硬要求】首尾帧放一起必须肉眼可见差异,相机运动(推/拉/摇/俯仰,写死角度或距离)与人物动作表情变化至少命中一项,首尾图是动作的两个端点而不是同一瞬间的双胞胎。","sunset"
